{
  "accuracy": 0.657672170761176,
  "precision": 0.6041563582384958,
  "recall": 0.96066089693155,
  "f1_score": 0.7417982989064399,
  "mcc": 0.3861015406721856,
  "auc_roc": 0.650297445165445,
  "auc_pr": 0.6005263201239877,
  "confusion_matrix": [
    [
      412,
      800
    ],
    [
      50,
      1221
    ]
  ]
}