{
  "accuracy": 86.87072090213451,
  "precision": 84.66617754952311,
  "recall": 90.79464988198269,
  "f1": 87.62338648443432,
  "mcc": 0.7388432929139404,
  "auc-roc": 0.8677521272977022,
  "auc-pr": 0.815844013593641,
  "confusion_matrix": [
    [
      1003,
      209
    ],
    [
      117,
      1154
    ]
  ]
}