{
    "accuracy": 87.19291180024165,
    "precision": 84.8064280496713,
    "recall": 91.34539732494099,
    "f1": 87.95454545454545,
    "mcc": 0.745569521301004,
    "auc-roc": 0.8709184057666193,
    "auc-pr": 0.8189689350803546,
    "confusion_matrix": [
        [
            1004,
            208
        ],
        [
            110,
            1161
        ]
    ]
}