{
  "accuracy": 0.6178010471204188,
  "precision": 0.5751633986928104,
  "recall": 0.969315499606609,
  "f1_score": 0.7219455024904776,
  "mcc": 0.317299623071638,
  "auc_roc": 0.6092452085491791,
  "auc_pr": 0.5732216034420793,
  "confusion_matrix": [
    [
      302,
      910
    ],
    [
      39,
      1232
    ]
  ]
}