{
  "accuracy": 0.5513491743858236,
  "precision": 0.5329693406131877,
  "recall": 0.998426435877262,
  "f1_score": 0.6949616648411829,
  "mcc": 0.20383510974133245,
  "auc_roc": 0.5404673433511722,
  "auc_pr": 0.5329361564255473,
  "confusion_matrix": [
    [
      100,
      1112
    ],
    [
      2,
      1269
    ]
  ]
}